Username,Interests
crisitano,['Business and industry: [social media ]']
kimkardashian,"['Business and industry: [social media , Business]', 'shopping and fashion: [beauty, clothing, fashion accessories]']"
doctor.mike,"['Business and industry: [social media , Health care]']"
ninja,"['Business and industry: [social media ]', 'Entertainment: [Games]']"
american_heart,"['Business and industry: [social media , Health care]', 'food and drink: [food and restaurant]']"
taylorswift,"['Business and industry: [social media , Business]', 'Entertainment: [music]', 'shopping and fashion: [beauty, clothing, fashion accessories]']"
billieeilish,"['Business and industry: [social media ]', 'Entertainment: [music]']"
badgalriri,"['Business and industry: [social media , Business]', 'Entertainment: [music]', 'family and relationships: [family]', 'shopping and fashion: [beauty, fashion accessories]']"
charles_leclerc,"['Business and industry: [social media ]', 'hobbies and activities: [vehicles]', 'shopping and fashion: [clothing]', 'sports : [Auto racing]']"
connorfranta,"['Business and industry: [social media ]', 'hobbies and activities: [travel]']"
zendaya,['Business and industry: [social media ]']
bellahadid,"['Business and industry: [social media ]', 'shopping and fashion: [beauty, clothing, fashion accessories]']"
gigihadid,"['Business and industry: [social media ]', 'shopping and fashion: [beauty, clothing, fashion accessories]']"
zuck,"['Business and industry: [social media , Business]', 'family and relationships: [family]']"
instagram,"['Business and industry: [social media , Business]', 'Entertainment: [music]']"
beyonce,"['Business and industry: [social media ]', 'Entertainment: [music]', 'shopping and fashion: [beauty, clothing, fashion accessories]']"
kendalljenner,"['Business and industry: [social media , Business]', 'shopping and fashion: [beauty, clothing, fashion accessories, shopping]']"
familyfeud,"['Business and industry: [social media ]', 'Entertainment: [tv and series]']"
davidbeckham,"['Business and industry: [social media , Business]', 'family and relationships: [family, dating and mariage]', 'fitness and wellness: [Physical exercise]', 'shopping and fashion: [beauty, clothing]', 'sports : [football/soccer]']"
victoriabeckham,"['Business and industry: [social media ]', 'Entertainment: [music]', 'family and relationships: [family, dating and mariage]', 'shopping and fashion: [beauty, clothing, fashion accessories]']"
rupaulofficial,"['Business and industry: [social media ]', 'Entertainment: [music]']"
"jeffreestar","['Business and industry: [social media ]', 'shopping and fashion: [beauty]']"
drmarkhyman,"['Business and industry: [social media , Health care]']"
myronlrolle,"['Business and industry: [social media , social media , Health care]']"
doctorapa,"['Business and industry: [social media , Health care]']"
thebentistofficial,"['Business and industry: [social media , Health care]']"
drbilldorfman,"['Business and industry: [social media , Health care]']"
pewdiepie,"['Business and industry: [social media ]', 'family and relationships: [family, parenting, dating and mariage]']"
kodakmovies,"['Business and industry: [social media ]', 'Entertainment: [movies]']"
matteolane,"['Business and industry: [social media ]', 'Entertainment: [live events]']"
mattrife,"['Business and industry: [social media ]', 'Entertainment: [live events]']"
simeonpanda,"['Business and industry: [social media ]', 'fitness and wellness: [bodybuilding, bodybuilding]']"
kaigreene,"['Business and industry: [social media ]', 'fitness and wellness: [bodybuilding]']"
cbum,"['Business and industry: [social media ]', 'fitness and wellness: [bodybuilding, Physical exercise]']"
philheath,"['Business and industry: [social media ]', 'fitness and wellness: [bodybuilding, Physical exercise]']"
chloe_t,"['Business and industry: [social media ]', 'fitness and wellness: [Physical exercise]', 'shopping and fashion: [clothing]']"
rohitkhatrifitness,"['Business and industry: [social media ]', 'fitness and wellness: [bodybuilding, Physical exercise]']"
coach.bluee,"['Business and industry: [social media ]', 'fitness and wellness: [Physical exercise]']"
generationiron,"['Business and industry: [social media ]', 'fitness and wellness: [bodybuilding]']"
_ninosaur,['Business and industry: [social media ]']
rorymcilroy,"['Business and industry: [social media ]', 'sports : [golf]']"
justinthomas34,"['Business and industry: [social media ]', 'sports : [golf]']"
georgerussell63,"['Business and industry: [social media ]', 'fitness and wellness: [Physical exercise]', 'hobbies and activities: [travel]', 'sports : [Auto racing]']"
lewishamilton,"['Business and industry: [social media ]', 'hobbies and activities: [vehicles]', 'shopping and fashion: [clothing]', 'sports : [Auto racing]']"
maxverstappen1,"['Business and industry: [social media ]', 'sports : [Auto racing]']"
tomdaley,"['Business and industry: [social media ]', 'shopping and fashion: [clothing]', 'sports : [swimming]']"
mattydiver,"['Business and industry: [social media ]', 'sports : [swimming]']"
carlitosalcarazz,"['Business and industry: [social media ]', 'sports : [tennis ]']"
oscarpiastri,"['Business and industry: [social media ]', 'sports : [Auto racing]']"
joeandohirsh,"['Business and industry: [social media ]', 'family and relationships: [dating and mariage]', 'shopping and fashion: [clothing]']"
instanursing,['Business and industry: [Health care]']
cdcgov,['Business and industry: [Health care]']
webmd,['Business and industry: [Health care]']
everydayhealth,"['Business and industry: [Health care, Health care]', 'food and drink: [food and restaurant]']"
healthline,['Business and industry: [Health care]']
mayoclinic,['Business and industry: [Health care]']
health,['Business and industry: [Health care]']
menshealthmag,"['Business and industry: [Health care]', 'fitness and wellness: [bodybuilding]']"
"clevelandclinic",['Business and industry: [Health care]']
the.vagina.whisperer,"['Business and industry: [Health care]', 'family and relationships: [parenting]']"
the_fitness_dietitian,['Business and industry: [Health care]']
healthcareprofessionls2152,['Business and industry: [Health care]']
"alcohol.thinkagain_wa",['Business and industry: [Health care]']
,"['Business and industry: [Health care, Health care, Health care, Health care, Health care, Health care, Health care, Health care, Health care, Health care, Health care, Health care, Health care, Health care, Health care, Health care, Health care, Health care, Health care, Health care, Health care, Health care, Health care, Health care, Health care, Health care, Health care, Health care, Health care, Health care, Business, Business, Business, Business, Business, Business, Business, Business, Business, Business, Business, Business, Business, Business, Business, Business, Business, Business, Business, Business, Business, Business]', 'Entertainment: [movies, movies, movies, movies, movies, movies, movies, movies, movies, movies, movies, movies, movies, movies, movies, movies, movies, movies, movies, movies, movies, movies, movies, movies, movies, movies, movies, movies, movies, movies, live events, live events, live events, live events, live events, live events, live events, live events, live events, live events, live events, live events, live events, live events, live events, live events, live events, live events, live events, live events, live events, live events, live events, live events, live events, live events, live events, live events, live events, live events, live events, live events, live events, live events, Games, Games, Games, Games, Games, Games, Games, Games, Games, Games, Games, Games, Games, Games, Games, Games, Games, Games, Games, Games, Games, Games, Games, Games, Games, Games, Games, Games, music, music, music, music, music, music, music, music, music, music, music, music, music, music, music, music, music, music, music, music, music, music, music, music, music, music, music, music, music, music, reading, reading, reading, reading, reading, reading, reading, reading, reading, reading, reading, reading, reading, reading, reading, reading, reading, reading, reading, reading, reading, reading, reading, reading, reading, reading, reading, reading, reading, reading, reading, reading, reading, reading, tv and series, tv and series, tv and series, tv and series, tv and series, tv and series, tv and series, tv and series, tv and series, tv and series, tv and series, tv and series, tv and series, tv and series, tv and series, tv and series, tv and series, tv and series, tv and series, tv and series, tv and series, tv and series, tv and series, tv and series, tv and series, tv and series, tv and series, tv and series, tv and series, tv and series, tv and series, tv and series]', 'family and relationships: [family, family, family, family, family, family, family, family, family, family, family, family, family, family, family, family, family, family, family, family, family, parenting, parenting, parenting, parenting, parenting, parenting, parenting, parenting, parenting, parenting, parenting, parenting, parenting, parenting, parenting, parenting, parenting, parenting, parenting, parenting, parenting, parenting, parenting, parenting, parenting, parenting, parenting, parenting, parenting, dating and mariage, dating and mariage, dating and mariage, dating and mariage, dating and mariage, dating and mariage, dating and mariage, dating and mariage, dating and mariage, dating and mariage, dating and mariage, dating and mariage, dating and mariage, dating and mariage, dating and mariage, dating and mariage, dating and mariage, dating and mariage, dating and mariage, dating and mariage, dating and mariage, dating and mariage, dating and mariage, dating and mariage, dating and mariage, dating and mariage, dating and mariage, dating and mariage, dating and mariage]', 'fitness and wellness: [bodybuilding, bodybuilding, bodybuilding, bodybuilding, bodybuilding, bodybuilding, bodybuilding, bodybuilding, bodybuilding, bodybuilding, bodybuilding, bodybuilding, bodybuilding, bodybuilding, bodybuilding, bodybuilding, bodybuilding, bodybuilding, bodybuilding, bodybuilding, bodybuilding, bodybuilding, bodybuilding, bodybuilding, bodybuilding, bodybuilding, bodybuilding, Physical exercise, Physical exercise, Physical exercise, Physical exercise, Physical exercise, Physical exercise, Physical exercise, Physical exercise, Physical exercise, Physical exercise, Physical exercise, Physical exercise, Physical exercise, Physical exercise, Physical exercise, Physical exercise, Physical exercise, Physical exercise, Physical exercise, Physical exercise, Physical exercise, Physical exercise, Physical exercise, Physical exercise, Physical exercise, Physical exercise, Physical exercise, yoga, yoga, yoga, yoga, yoga, yoga, yoga, yoga, yoga, yoga, yoga, yoga, yoga, yoga, yoga, yoga, yoga, yoga, yoga, yoga, yoga, yoga, yoga, yoga, yoga, yoga, yoga, yoga, yoga, yoga, yoga, yoga, yoga, yoga, running, running, running, running, running, running, running, running, running, running, running, running, running, running, running, running, running, running, running, running, running, running, running, running, running, running, running, running, running, running, running, running, running, running]', 'food and drink: [alcoholic beverage, alcoholic beverage, alcoholic beverage, alcoholic beverage, alcoholic beverage, alcoholic beverage, alcoholic beverage, alcoholic beverage, alcoholic beverage, alcoholic beverage, alcoholic beverage, alcoholic beverage, alcoholic beverage, alcoholic beverage, alcoholic beverage, alcoholic beverage, alcoholic beverage, alcoholic beverage, alcoholic beverage, alcoholic beverage, alcoholic beverage, alcoholic beverage, alcoholic beverage, alcoholic beverage, alcoholic beverage, alcoholic beverage, beverages, beverages, beverages, beverages, beverages, beverages, beverages, beverages, beverages, beverages, beverages, beverages, beverages, beverages, beverages, beverages, beverages, beverages, beverages, beverages, beverages, beverages, beverages, beverages, beverages, cooking and cuisine, cooking and cuisine, cooking and cuisine, cooking and cuisine, cooking and cuisine, cooking and cuisine, cooking and cuisine, cooking and cuisine, cooking and cuisine, cooking and cuisine, cooking and cuisine, cooking and cuisine, cooking and cuisine, cooking and cuisine, cooking and cuisine, cooking and cuisine, cooking and cuisine, cooking and cuisine, cooking and cuisine, cooking and cuisine, cooking and cuisine, cooking and cuisine, cooking and cuisine, cooking and cuisine, cooking and cuisine, cooking and cuisine, food and restaurant, food and restaurant, food and restaurant, food and restaurant, food and restaurant, food and restaurant, food and restaurant, food and restaurant, food and restaurant, food and restaurant, food and restaurant, food and restaurant, food and restaurant, food and restaurant, food and restaurant, food and restaurant, food and restaurant, food and restaurant, food and restaurant, food and restaurant, food and restaurant, food and restaurant, food and restaurant]', 'hobbies and activities: [art and music, art and music, art and music, art and music, art and music, art and music, art and music, art and music, art and music, art and music, art and music, art and music, art and music, art and music, art and music, art and music, art and music, art and music, art and music, art and music, current event homes and garden, current event homes and garden, current event homes and garden, current event homes and garden, current event homes and garden, current event homes and garden, current event homes and garden, current event homes and garden, current event homes and garden, current event homes and garden, current event homes and garden, current event homes and garden, current event homes and garden, current event homes and garden, current event homes and garden, current event homes and garden, current event homes and garden, current event homes and garden, current event homes and garden, current event homes and garden, current event homes and garden, current event homes and garden, current event homes and garden, current event homes and garden, current event homes and garden, current event homes and garden, current event homes and garden, current event homes and garden, current event homes and garden, current event homes and garden, pets, pets, pets, pets, pets, pets, pets, pets, pets, pets, pets, pets, pets, pets, pets, pets, pets, pets, pets, pets, pets, political and socials issues , political and socials issues , political and socials issues , political and socials issues , political and socials issues , political and socials issues , political and socials issues , political and socials issues , political and socials issues , political and socials issues , political and socials issues , political and socials issues , political and socials issues , political and socials issues , political and socials issues , political and socials issues , political and socials issues , political and socials issues , political and socials issues , political and socials issues , political and socials issues , travel, travel, travel, travel, travel, travel, travel, travel, travel, travel, travel, travel, travel, travel, travel, travel, travel, travel, travel, vehicles, vehicles, vehicles, vehicles, vehicles, vehicles, vehicles, vehicles, vehicles, vehicles, vehicles, vehicles, vehicles, vehicles, vehicles, vehicles, vehicles]', 'shopping and fashion: [beauty, beauty, beauty, beauty, beauty, beauty, beauty, beauty, beauty, beauty, beauty, beauty, beauty, beauty, beauty, beauty, beauty, beauty, clothing, clothing, clothing, clothing, clothing, clothing, clothing, clothing, clothing, clothing, clothing, clothing, clothing, fashion accessories, fashion accessories, fashion accessories, fashion accessories, fashion accessories, fashion accessories, fashion accessories, fashion accessories, shopping, shopping, shopping, shopping, shopping, shopping, shopping, shopping, shopping, shopping, shopping, shopping, shopping, shopping, shopping, shopping, shopping, shopping, shopping, shopping, shopping, shopping, shopping, shopping, toys, toys, toys, toys, toys, toys, toys, toys, toys, toys, toys, toys, toys, toys, toys, toys, toys, toys, toys, toys, toys, toys, toys]', 'sports : [american football, american football, american football, american football, american football, american football, american football, american football, american football, american football, american football, american football, american football, american football, american football, american football, american football, american football, american football, american football, american football, american football, american football, american football, american football, american football, american football, american football, american football, american football, american football, american football, american football, american football, american football, american football, football/soccer, football/soccer, football/soccer, football/soccer, football/soccer, football/soccer, football/soccer, football/soccer, football/soccer, football/soccer, football/soccer, football/soccer, football/soccer, football/soccer, football/soccer, football/soccer, football/soccer, football/soccer, football/soccer, football/soccer, football/soccer, football/soccer, football/soccer, football/soccer, football/soccer, football/soccer, football/soccer, football/soccer, football/soccer, football/soccer, football/soccer, football/soccer, football/soccer, football/soccer, football/soccer, football/soccer, baseball, baseball, baseball, baseball, baseball, baseball, baseball, baseball, baseball, baseball, baseball, baseball, baseball, baseball, baseball, baseball, baseball, baseball, baseball, baseball, baseball, baseball, baseball, baseball, baseball, baseball, baseball, baseball, baseball, baseball, baseball, baseball, baseball, baseball, baseball, baseball, basketball, basketball, basketball, basketball, basketball, basketball, basketball, basketball, basketball, basketball, basketball, basketball, basketball, basketball, basketball, basketball, basketball, basketball, basketball, basketball, basketball, basketball, basketball, basketball, basketball, basketball, basketball, basketball, basketball, basketball, basketball, basketball, basketball, basketball, basketball, basketball, golf, golf, golf, golf, golf, golf, golf, golf, golf, golf, golf, golf, golf, golf, golf, golf, golf, golf, golf, golf, golf, golf, golf, golf, golf, golf, golf, golf, golf, golf, golf, golf, golf, golf, golf, golf, marathon, marathon, marathon, marathon, marathon, marathon, marathon, marathon, marathon, marathon, marathon, marathon, marathon, marathon, marathon, marathon, marathon, marathon, marathon, marathon, marathon, marathon, marathon, marathon, marathon, marathon, marathon, marathon, marathon, marathon, marathon, marathon, marathon, marathon, marathon, marathon, Auto racing, Auto racing, Auto racing, Auto racing, Auto racing, Auto racing, Auto racing, Auto racing, Auto racing, Auto racing, Auto racing, Auto racing, Auto racing, Auto racing, Auto racing, Auto racing, Auto racing, Auto racing, Auto racing, Auto racing, Auto racing, Auto racing, Auto racing, Auto racing, Auto racing, Auto racing, Auto racing, Auto racing, Auto racing, Auto racing, Auto racing, Auto racing, Auto racing, Auto racing, Auto racing, Auto racing, skiing, skiing, skiing, skiing, skiing, skiing, skiing, skiing, skiing, skiing, skiing, skiing, skiing, skiing, skiing, skiing, skiing, skiing, skiing, skiing, skiing, skiing, skiing, skiing, skiing, skiing, skiing, skiing, skiing, skiing, skiing, skiing, skiing, skiing, skiing, skiing, skiing, swimming, swimming, swimming, swimming, swimming, swimming, swimming, swimming, swimming, swimming, swimming, swimming, swimming, swimming, swimming, swimming, swimming, swimming, swimming, swimming, swimming, swimming, swimming, swimming, swimming, swimming, swimming, swimming, swimming, swimming, swimming, swimming, swimming, swimming, swimming, swimming, swimming, tennis , tennis , tennis , tennis , tennis , tennis , tennis , tennis , tennis , tennis , tennis , tennis , tennis , tennis , tennis , tennis , tennis , tennis , tennis , tennis , tennis , tennis , tennis , tennis , tennis , tennis , tennis , tennis , tennis , tennis , tennis , tennis , tennis , tennis , tennis , volleyball, volleyball, volleyball, volleyball, volleyball, volleyball, volleyball, volleyball, volleyball, volleyball, volleyball, volleyball, volleyball, volleyball, volleyball, volleyball, volleyball, volleyball, volleyball, volleyball, volleyball, volleyball, volleyball, volleyball, volleyball, volleyball, volleyball, volleyball, volleyball, volleyball, volleyball, volleyball, volleyball, volleyball, volleyball, volleyball, handball, handball, handball, handball, handball, handball, handball, handball, handball, handball, handball, handball, handball, handball, handball, handball, handball, handball, handball, handball, handball, handball, handball, handball, handball, handball, handball, handball, handball, handball, handball, handball, handball, handball, handball, handball, handball, handball]', 'Outdoors: [camping, camping, camping, camping, camping, camping, camping, camping, camping, camping, camping, camping, camping, camping, camping, camping, camping, camping, camping, camping, camping, camping, camping, camping, camping, camping, camping, camping, camping, camping, camping, camping, camping, camping, camping, fishing, fishing, fishing, fishing, fishing, fishing, fishing, fishing, fishing, fishing, fishing, fishing, fishing, fishing, fishing, fishing, fishing, fishing, fishing, fishing, fishing, fishing, fishing, fishing, fishing, fishing, fishing, fishing, fishing, fishing, fishing, fishing, fishing, fishing, fishing, fishing, fishing, fishing, fishing, fishing, horseback riding, horseback riding, horseback riding, horseback riding, horseback riding, horseback riding, horseback riding, horseback riding, horseback riding, horseback riding, horseback riding, horseback riding, horseback riding, horseback riding, horseback riding, horseback riding, horseback riding, horseback riding, horseback riding, horseback riding, horseback riding, horseback riding, horseback riding, horseback riding, horseback riding, horseback riding, horseback riding, horseback riding, horseback riding, horseback riding, horseback riding, horseback riding, horseback riding, hiking, hiking, hiking, hiking, hiking, hiking, hiking, hiking, hiking, hiking, hiking, hiking, hiking, hiking, hiking, hiking, hiking, hiking, hiking, hiking, hiking, hiking, hiking, hiking, hiking, hiking, hiking, hiking, hiking, hiking, hiking, hiking, hiking, hiking, hiking]', 'Technology: [computers, computers, computers, computers, computers, computers, computers, computers, computers, computers, computers, computers, computers, computers, computers, computers, computers, computers, computers, computers, computers, computers, computers, computers, computers, computers, computers, computers, computers, computers, computers, computers, consumer electronics, consumer electronics, consumer electronics, consumer electronics, consumer electronics, consumer electronics, consumer electronics, consumer electronics, consumer electronics, consumer electronics, consumer electronics, consumer electronics, consumer electronics, consumer electronics, consumer electronics, consumer electronics, consumer electronics, consumer electronics, consumer electronics, consumer electronics, consumer electronics, consumer electronics, consumer electronics, consumer electronics, consumer electronics, consumer electronics, consumer electronics, consumer electronics, consumer electronics, consumer electronics, consumer electronics, consumer electronics]']"
cristiano,"['Business and industry: [Business]', 'family and relationships: [family, parenting]', 'fitness and wellness: [Physical exercise]', 'shopping and fashion: [clothing, fashion accessories]', 'sports : [football/soccer]']"
entrepreneur,['Business and industry: [Business]']
forbes,['Business and industry: [Business]']
incmagazine,['Business and industry: [Business]']
successmagazine,['Business and industry: [Business]']
jeffbezos,['Business and industry: [Business]']
startup,['Business and industry: [Business]']
myfitness,"['Business and industry: [Business]', 'fitness and wellness: [Physical exercise]']"
iamnehanagar,['Business and industry: [Business]']
queen.of.wallstreet,['Business and industry: [Business]']
colinyurcisin,"['Business and industry: [Business]', 'fitness and wellness: [Physical exercise]']"
thestockmarketindia,['Business and industry: [Business]']
calltoleap,['Business and industry: [Business]']
thehimanichaudhary,['Business and industry: [Business]']
technical._.mast,['Business and industry: [Business]']
therakeshbansal,['Business and industry: [Business]']
pacemorby,['Business and industry: [Business]']
samfasterfreedom,['Business and industry: [Business]']
upnextpodcast,['Business and industry: [Business]']
moneyafrica,['Business and industry: [Business]']
traders.paradisee,['Business and industry: [Business]']
ajla_talks,['Business and industry: [Business]']
colorpalette.cinema,['Entertainment: [movies]']
studiobinder,['Entertainment: [movies]']
filmthusiast,['Entertainment: [movies]']
netflix,['Entertainment: [movies]']
straw_hat_goofy,['Entertainment: [movies]']
thegodfathermovie,['Entertainment: [movies]']
starwars,['Entertainment: [movies]']
disneystudios,['Entertainment: [movies]']
the_goodfilms,['Entertainment: [movies]']
universalpictures,['Entertainment: [movies]']
20thcenturystudios,['Entertainment: [movies]']
marvelstudios,['Entertainment: [movies]']
pixar,['Entertainment: [movies]']
alfonsocuaron,['Entertainment: [movies]']
martinscorsese_,['Entertainment: [movies]']
lynncinema,['Entertainment: [movies]']
thecinemastories,['Entertainment: [movies]']
filmtourismus,['Entertainment: [movies]']
taranadarsh,['Entertainment: [movies]']
escenasgay,['Entertainment: [movies]']
liveinloveeventsintl,['Entertainment: [live events]']
coachella,"['Entertainment: [live events, music]']"
nba,"['Entertainment: [live events]', 'sports : [basketball]']"
olympics,['Entertainment: [live events]']
fifaworldcup,"['Entertainment: [live events]', 'sports : [football/soccer]']"
ufc,['Entertainment: [live events]']
wimbledon,"['Entertainment: [live events]', 'sports : [tennis ]']"
f1,"['Entertainment: [live events]', 'hobbies and activities: [vehicles]', 'sports : [Auto racing]']"
livenation,"['Entertainment: [live events, music]']"
vmas,"['Entertainment: [live events, music]']"
recordingacademy,"['Entertainment: [live events, music]']"
lollapalooza,"['Entertainment: [live events, music]']"
worldstar,"['Entertainment: [live events, music]']"
maxtheverygoodboy,['Entertainment: [live events]']
nathantsuji,"['Entertainment: [live events]', 'fitness and wellness: [Physical exercise, yoga]']"
"nintendoamerica",['Entertainment: [Games]']
"xbox","['Entertainment: [Games]', 'Technology: [consumer electronics]']"
steam_games_official,['Entertainment: [Games]']
epicgames,['Entertainment: [Games]']
ubisoft,['Entertainment: [Games]']
"rockstargames",['Entertainment: [Games]']
"bethesda",['Entertainment: [Games]']
activision,['Entertainment: [Games]']
"riotgames",['Entertainment: [Games]']
nadeshot,"['Entertainment: [Games]', 'family and relationships: [family]']"
"shroud",['Entertainment: [Games]']
"annemunition",['Entertainment: [Games]']
"drdisrespect",['Entertainment: [Games]']
"timthetatman",['Entertainment: [Games]']
pokerstars,['Entertainment: [Games]']
uno,['Entertainment: [Games]']
drlupo,['Entertainment: [Games]']
nickeh30,['Entertainment: [Games]']
fazesway,['Entertainment: [Games]']
sypherpk,['Entertainment: [Games]']
nintendoamerica,"['Entertainment: [Games]', 'Technology: [consumer electronics]']"
playstation,"['Entertainment: [Games]', 'Technology: [consumer electronics]']"
ldawild,"['Entertainment: [music]', 'hobbies and activities: [art and music]']"
arianagrande,['Entertainment: [music]']
theweeknd,['Entertainment: [music]']
the1975,['Entertainment: [music]']
arcticmonkeys,['Entertainment: [music]']
billboard,['Entertainment: [music]']
oliviarodrigo,['Entertainment: [music]']
jamesblake,['Entertainment: [music]']
goodreads,['Entertainment: [reading]']
bookriot,['Entertainment: [reading]']
reesesbookclub,['Entertainment: [reading]']
bookofthemonth,['Entertainment: [reading]']
barnesandnoble,['Entertainment: [reading]']
bookbub,['Entertainment: [reading]']
bookish_sales_tn,['Entertainment: [reading]']
thereadingwomen,['Entertainment: [reading]']
crimebythebook,['Entertainment: [reading]']
whytmanga,['Entertainment: [reading]']
anime4you.75,['Entertainment: [reading]']
tonytonyvalente,['Entertainment: [reading]']
sinnra,['Entertainment: [reading]']
guardian,['Entertainment: [reading]']
financialtimes,['Entertainment: [reading]']
farofeb,['Entertainment: [reading]']
 ,['Entertainment: [reading]']
kardashianshulu,"['Entertainment: [tv and series]', 'family and relationships: [family]']"
strangerthingstv,['Entertainment: [tv and series]']
cw_supernatural,['Entertainment: [tv and series]']
sense8,['Entertainment: [tv and series]']
teenwolf,['Entertainment: [tv and series]']
howtogetawaywithmurder,['Entertainment: [tv and series]']
thegooddoctorabc,['Entertainment: [tv and series]']
rupaulsdragrace,['Entertainment: [tv and series]']
latenightseth,['Entertainment: [tv and series]']
thedailyshow,['Entertainment: [tv and series]']
latelateshow,['Entertainment: [tv and series]']
jimmykimmellive,['Entertainment: [tv and series]']
fallontonight,['Entertainment: [tv and series]']
 thegameshowuk,['Entertainment: [tv and series]']
25wordsorlesstv,['Entertainment: [tv and series]']
beatshazamfox,['Entertainment: [tv and series]']
chainreactionca,['Entertainment: [tv and series]']
13reasonswhy,['Entertainment: [tv and series]']
hannahshaller,"['family and relationships: [family, family, dating and mariage, dating and mariage]', 'fitness and wellness: [yoga, yoga]']"
alvaromorata,"['family and relationships: [family, dating and mariage]', 'fitness and wellness: [Physical exercise]', 'sports : [football/soccer]']"
leomessi,"['family and relationships: [family, parenting]', 'sports : [football/soccer]']"
tombrady,"['family and relationships: [family]', 'sports : [american football]']"
nikovaldes,"['family and relationships: [family, parenting, dating and mariage]']"
parenting.passports,"['family and relationships: [family, parenting]', 'hobbies and activities: [travel]']"
miketrout,"['family and relationships: [family]', 'sports : [baseball]']"
mchristenson11,"['family and relationships: [family]', 'sports : [volleyball]']"
brodyjenner,"['family and relationships: [family]', 'shopping and fashion: [beauty]']"
thepioneerwoman,"['family and relationships: [family]', 'food and drink: [cooking and cuisine]']"
actionjacquelyn,"['family and relationships: [family, parenting]', 'fitness and wellness: [yoga]']"
shalaneflanagan,"['family and relationships: [family, parenting]', 'fitness and wellness: [running]']"
daniellehartruns,"['family and relationships: [family, parenting]', 'fitness and wellness: [Physical exercise, running]']"
emilyskyefit,"['family and relationships: [family, parenting]', 'fitness and wellness: [Physical exercise]']"
michelle_lewin,"['family and relationships: [family, parenting]']"
caelebdressel,"['family and relationships: [family]', 'sports : [swimming]']"
whoisjob,['family and relationships: [family]']
austinadams49,['family and relationships: [family]']
carowozniacki,"['family and relationships: [family, parenting]', 'sports : [tennis ]']"
micahmaa,"['family and relationships: [family]', 'sports : [volleyball]']"
lukakarabatic,"['family and relationships: [family]', 'sports : [handball]']"
adam_peaty,"['family and relationships: [parenting]', 'sports : [swimming, swimming]']"
true_parenting_story,['family and relationships: [parenting]']
"u_madson",['family and relationships: [parenting]']
"healthiest_baby",['family and relationships: [parenting]']
"mombrain.therapist",['family and relationships: [parenting]']
fitmomma4three,['family and relationships: [parenting]']
kaysy_andhergirls,['family and relationships: [parenting]']
dadlifewithriver,['family and relationships: [parenting]']
"allieandsam",['family and relationships: [parenting]']
"elleswift",['family and relationships: [parenting]']
mariefeandjakesnow,['family and relationships: [dating and mariage]']
travelling.husbands,"['family and relationships: [dating and mariage]', 'hobbies and activities: [travel]']"
weloveourlife,['family and relationships: [dating and mariage]']
bumble,['family and relationships: [dating and mariage]']
match,['family and relationships: [dating and mariage]']
okcupid,['family and relationships: [dating and mariage]']
eharmony,['family and relationships: [dating and mariage]']
tinder,['family and relationships: [dating and mariage]']
grindr,['family and relationships: [dating and mariage]']
"couplegoals",['family and relationships: [dating and mariage]']
k1ngkyrg1os,"['family and relationships: [dating and mariage]', 'sports : [tennis ]']"
"datingcom",['family and relationships: [dating and mariage]']
the_fairy_godfather,['family and relationships: [dating and mariage]']
explorerssaurus_,['family and relationships: [dating and mariage]']
schwarzenegger,['fitness and wellness: [bodybuilding]']
jaycutler,['fitness and wellness: [bodybuilding]']
paigehathaway,['fitness and wellness: [bodybuilding]']
kayla_itsines,['fitness and wellness: [bodybuilding]']
calumvonmoger,['fitness and wellness: [bodybuilding]']
fitgirlsguide,['fitness and wellness: [bodybuilding]']
bodybuildingcom,['fitness and wellness: [bodybuilding]']
ashleykfit,['fitness and wellness: [bodybuilding]']
fithealthyworkouts,['fitness and wellness: [bodybuilding]']
bodybuildingnation,"['fitness and wellness: [bodybuilding, bodybuilding]']"
musclepharm,['fitness and wellness: [bodybuilding]']
leanadeebb,"['fitness and wellness: [bodybuilding]', 'food and drink: [cooking and cuisine]']"
jeff_seid,"['fitness and wellness: [bodybuilding, Physical exercise]']"
sarasaffari__,"['fitness and wellness: [bodybuilding, Physical exercise]']"
stevecook,"['fitness and wellness: [bodybuilding, Physical exercise]']"
jackgrealish,"['fitness and wellness: [Physical exercise]', 'sports : [football/soccer]']"
rubendias,"['fitness and wellness: [Physical exercise]', 'sports : [football/soccer]']"
laurasykora,"['fitness and wellness: [Physical exercise, yoga]']"
beachyogagirl,"['fitness and wellness: [Physical exercise, yoga]']"
raydiaz,['fitness and wellness: [Physical exercise]']
gymnash96,['fitness and wellness: [Physical exercise]']
taverill13,"['fitness and wellness: [Physical exercise]', 'sports : [volleyball]']"
smriti.yoga,['fitness and wellness: [yoga]']
ambikadevidance,['fitness and wellness: [yoga]']
davidrobsonyoga,['fitness and wellness: [yoga]']
adellbridges,['fitness and wellness: [yoga]']
kinoyoga,['fitness and wellness: [yoga]']
hananelazaar_,['fitness and wellness: [yoga]']
carlingnicole,['fitness and wellness: [yoga]']
dylanwerneryoga,['fitness and wellness: [yoga]']
yogawithjul,['fitness and wellness: [yoga]']
ashleygalvinyoga,['fitness and wellness: [yoga]']
acrobuddhas,['fitness and wellness: [yoga]']
runnersworldmag,"['fitness and wellness: [running, running]', 'sports : [marathon]']"
nikerunning,['fitness and wellness: [running]']
runkeeper,['fitness and wellness: [running]']
runnerspace,['fitness and wellness: [running]']
trailrunnermag,['fitness and wellness: [running]']
oiselle,['fitness and wellness: [running]']
courtneydauwalter,['fitness and wellness: [running]']
tommy_rivs,['fitness and wellness: [running]']
yellowrunner,['fitness and wellness: [running]']
eilishmccolgan,['fitness and wellness: [running]']
des_linden,['fitness and wellness: [running]']
karagoucher,['fitness and wellness: [running]']
runrx,['fitness and wellness: [running]']
brookewillson,"['fitness and wellness: [running]', 'hobbies and activities: [travel]']"
vinepair,['food and drink: [alcoholic beverage]']
cocktailcourier,"['food and drink: [alcoholic beverage, beverages]']"
wineenthusiast,['food and drink: [alcoholic beverage]']
whiskyadvocate,['food and drink: [alcoholic beverage]']
drinkhacker,['food and drink: [alcoholic beverage]']
drink818,['food and drink: [alcoholic beverage]']
imbibe,['food and drink: [alcoholic beverage]']
bevvyco,"['food and drink: [alcoholic beverage, beverages]']"
"liquor",['food and drink: [alcoholic beverage]']
"donjuliotequila",['food and drink: [alcoholic beverage]']
"spiritsnetwork",['food and drink: [alcoholic beverage]']
mezcalreviews,['food and drink: [alcoholic beverage]']
milkandhops,['food and drink: [alcoholic beverage]']
"brokenshaker",['food and drink: [alcoholic beverage]']
craftbeerdotcom,"['food and drink: [alcoholic beverage, food and restaurant]']"
tipsybartender,['food and drink: [alcoholic beverage]']
alcohowl,['food and drink: [alcoholic beverage]']
cocktails,['food and drink: [alcoholic beverage]']
timthetankofficial,"['food and drink: [alcoholic beverage, beverages]']"
"bestcocktails",['food and drink: [alcoholic beverage]']
simplycocktail,['food and drink: [alcoholic beverage]']
delightfuldrinks,['food and drink: [alcoholic beverage]']
thealcoholprof,['food and drink: [alcoholic beverage]']
beefeatergin,['food and drink: [alcoholic beverage]']
casamigos,['food and drink: [alcoholic beverage]']
drinksfeed,['food and drink: [beverages]']
baristascoffeeshops,['food and drink: [beverages]']
drinkripples,['food and drink: [beverages]']
itsmatchamagic,['food and drink: [beverages]']
vitacoco,['food and drink: [beverages]']
cocacola,['food and drink: [beverages]']
fanta,['food and drink: [beverages]']
sprite,['food and drink: [beverages]']
starbucks,['food and drink: [beverages]']
"vitaminwater",['food and drink: [beverages]']
"lacroixwater",['food and drink: [beverages]']
"davidstea",['food and drink: [beverages]']
"juicepress",['food and drink: [beverages]']
"bluebottle",['food and drink: [beverages]']
"thirdwavewichteln",['food and drink: [beverages]']
intelligentsiacoffee,['food and drink: [beverages]']
seattlecoffeegear,['food and drink: [beverages]']
"jarritos",['food and drink: [beverages]']
"fijiwater",['food and drink: [beverages]']
"nespresso",['food and drink: [beverages]']
synergykombucha,['food and drink: [beverages]']
teaformeplease,['food and drink: [beverages]']
ohhowcivilized,['food and drink: [beverages]']
gordongram,"['food and drink: [cooking and cuisine, food and restaurant]']"
luckycatbygordonramsay,['food and drink: [cooking and cuisine]']
carolinagelen,['food and drink: [cooking and cuisine]']
deliciouslyella,"['food and drink: [cooking and cuisine, food and restaurant]']"
dennistheprescott,"['food and drink: [cooking and cuisine, food and restaurant]']"
fitgreenmind,['food and drink: [cooking and cuisine]']
healthygirlkitchen,['food and drink: [cooking and cuisine]']
allthingsmeaty,['food and drink: [cooking and cuisine]']
orchidsnsweettea_,['food and drink: [cooking and cuisine]']
halfbakedharvest,['food and drink: [cooking and cuisine]']
feelgoodfoodie,['food and drink: [cooking and cuisine]']
rebelrecipes,['food and drink: [cooking and cuisine]']
foodnetworkkitchen,['food and drink: [cooking and cuisine]']
nytcooking,['food and drink: [cooking and cuisine]']
"halfbakedharvest",['food and drink: [cooking and cuisine]']
chefsteps,['food and drink: [cooking and cuisine]']
"food52",['food and drink: [cooking and cuisine]']
"thekitchn",['food and drink: [cooking and cuisine]']
"seriouseats",['food and drink: [cooking and cuisine]']
tastesbetterfromscratch,['food and drink: [cooking and cuisine]']
pinchofyum,['food and drink: [cooking and cuisine]']
"bosh.tv",['food and drink: [cooking and cuisine]']
bbcgoodfoodshow,['food and drink: [cooking and cuisine]']
jamieoliver,['food and drink: [food and restaurant]']
betterhomesandgardens,"['food and drink: [food and restaurant]', 'hobbies and activities: [current event homes and garden]']"
marthastewart,['food and drink: [food and restaurant]']
buzzfeedtasty,['food and drink: [food and restaurant]']
"bonappetitmag","['food and drink: [food and restaurant, food and restaurant]']"
thekitchn,['food and drink: [food and restaurant]']
minimalistbaker,['food and drink: [food and restaurant]']
"nytcooking",['food and drink: [food and restaurant]']
"smittenkitchen",['food and drink: [food and restaurant]']
"foodnetworkkitchen",['food and drink: [food and restaurant]']
epicurious,['food and drink: [food and restaurant]']
"eater",['food and drink: [food and restaurant]']
"foodandwine",['food and drink: [food and restaurant]']
infatuation,['food and drink: [food and restaurant]']
"zagat",['food and drink: [food and restaurant]']
allrecipes,['food and drink: [food and restaurant]']
cookinglight,['food and drink: [food and restaurant]']
"saveurmag",['food and drink: [food and restaurant]']
"eater_la",['food and drink: [food and restaurant]']
"infatuation_nyc",['food and drink: [food and restaurant]']
"blacktapnyc",['food and drink: [food and restaurant]']
hobbycrafthq,['hobbies and activities: [art and music]']
artandmusicco,['hobbies and activities: [art and music]']
"worldofdance",['hobbies and activities: [art and music]']
sketch_dailydose,['hobbies and activities: [art and music]']
musicartsfan,['hobbies and activities: [art and music]']
bangcover.art,['hobbies and activities: [art and music]']
"art",['hobbies and activities: [art and music]']
the.bluelemonade,['hobbies and activities: [art and music]']
abstrac.ted,['hobbies and activities: [art and music]']
"emergeast",['hobbies and activities: [art and music]']
streetphotographyinternational,['hobbies and activities: [art and music]']
nowherediary,['hobbies and activities: [art and music]']
"womenstreetphotographers",['hobbies and activities: [art and music]']
thisaintartschool,['hobbies and activities: [art and music]']
"magnificomagazine",['hobbies and activities: [art and music]']
friendsinperson,['hobbies and activities: [art and music]']
"guitarcenter",['hobbies and activities: [art and music]']
"paintings.daily",['hobbies and activities: [art and music]']
sculpturecenter,['hobbies and activities: [art and music]']
singersspotlight,['hobbies and activities: [art and music]']
"ronwritings",['hobbies and activities: [art and music]']
dailyart,['hobbies and activities: [art and music]']
painters.paintings,['hobbies and activities: [art and music]']
"artsy",['hobbies and activities: [art and music]']
painterspaintingpaintings,['hobbies and activities: [art and music]']
artbyitisha,['hobbies and activities: [art and music]']
"danceon",['hobbies and activities: [art and music]']
dancemagazine,['hobbies and activities: [art and music]']
art_dailydose,['hobbies and activities: [art and music]']
patburgener,"['hobbies and activities: [art and music]', 'sports : [skiing]']"
thisoldhouse,['hobbies and activities: [current event homes and garden]']
thehappygardeninglife,['hobbies and activities: [current event homes and garden]']
ikeausa,['hobbies and activities: [current event homes and garden]']
gardenersworldmag,['hobbies and activities: [current event homes and garden]']
"homesandgardensofficial",['hobbies and activities: [current event homes and garden]']
racheldethame,['hobbies and activities: [current event homes and garden]']
"bordehillgarden",['hobbies and activities: [current event homes and garden]']
"charlie.harpur",['hobbies and activities: [current event homes and garden]']
"tomstuartsmith",['hobbies and activities: [current event homes and garden]']
clarefostergardens,['hobbies and activities: [current event homes and garden]']
acreswildgardendesign,['hobbies and activities: [current event homes and garden]']
"camerongardens",['hobbies and activities: [current event homes and garden]']
jothompsongarden,['hobbies and activities: [current event homes and garden]']
"houseandgardenuk",['hobbies and activities: [current event homes and garden]']
"genevavanderzeil",['hobbies and activities: [current event homes and garden]']
maddyevennett,['hobbies and activities: [current event homes and garden]']
geebungalow,['hobbies and activities: [current event homes and garden]']
jaharnquinn,['hobbies and activities: [current event homes and garden]']
vanillapalmdesigns,['hobbies and activities: [current event homes and garden]']
thediydecorator,['hobbies and activities: [current event homes and garden]']
dogsofinstagram,['hobbies and activities: [pets]']
cats_of_instagram,['hobbies and activities: [pets]']
bestwoof,['hobbies and activities: [pets]']
rabbits.ig,['hobbies and activities: [pets]']
feather_perfection,['hobbies and activities: [pets]']
nickthewrangler,['hobbies and activities: [pets]']
campingwithdogsaustralia,"['hobbies and activities: [pets]', 'Outdoors: [camping]']"
lifeonthe_ranch_,['hobbies and activities: [pets]']
thereptilezoo,['hobbies and activities: [pets]']
"kams.reptiles",['hobbies and activities: [pets]']
"jiffpom",['hobbies and activities: [pets]']
"nala_cat",['hobbies and activities: [pets]']
thepetsnet,['hobbies and activities: [pets]']
pets,['hobbies and activities: [pets]']
pets_of_lnsta,['hobbies and activities: [pets]']
"itsdougthepug",['hobbies and activities: [pets]']
lizzie.bear,['hobbies and activities: [pets]']
samhaseyebrows,['hobbies and activities: [pets]']
"wellnesspetfood",['hobbies and activities: [pets]']
pure_pet_food,['hobbies and activities: [pets]']
"nutropetfood",['hobbies and activities: [pets]']
ziwipetsusa,['hobbies and activities: [pets]']
basiltheminilop,['hobbies and activities: [pets]']
"thelovedbuns",['hobbies and activities: [pets]']
funny.cute.rabbit,['hobbies and activities: [pets]']
bunny_of_week,['hobbies and activities: [pets]']
_honeysbunnies_,['hobbies and activities: [pets]']
bestbehavedbirds,['hobbies and activities: [pets]']
"irn_rio",['hobbies and activities: [pets]']
myrtlebeachsafari,['hobbies and activities: [pets]']
realdonaldtrump,['hobbies and activities: [political and socials issues ]']
barackobama,['hobbies and activities: [political and socials issues ]']
united.left.party,['hobbies and activities: [political and socials issues ]']
the_political_compass,['hobbies and activities: [political and socials issues ]']
political.pen,['hobbies and activities: [political and socials issues ]']
hillaryclinton,['hobbies and activities: [political and socials issues ]']
hon.maximebernier,['hobbies and activities: [political and socials issues ]']
mariateresakumar,['hobbies and activities: [political and socials issues ]']
anthonyblogan,"['hobbies and activities: [political and socials issues , political and socials issues ]']"
duvaliermalone,['hobbies and activities: [political and socials issues ]']
shermichael_,"['hobbies and activities: [political and socials issues , political and socials issues ]']"
cnn,['hobbies and activities: [political and socials issues ]']
france24_en,['hobbies and activities: [political and socials issues ]']
aljazeeraenglish,['hobbies and activities: [political and socials issues ]']
theblazetv,['hobbies and activities: [political and socials issues ]']
"blklivesmatter",['hobbies and activities: [political and socials issues ]']
cheerupluv,['hobbies and activities: [political and socials issues ]']
"earthrise.studio",['hobbies and activities: [political and socials issues ]']
"the_female_lead",['hobbies and activities: [political and socials issues ]']
"so.informed",['hobbies and activities: [political and socials issues ]']
nobordersmcr,['hobbies and activities: [political and socials issues ]']
lgbt_history,['hobbies and activities: [political and socials issues ]']
letstalkpalestine,['hobbies and activities: [political and socials issues ]']
"mariateresakumar",['hobbies and activities: [political and socials issues ]']
"whitehouse",['hobbies and activities: [political and socials issues ]']
"jessicayellin",['hobbies and activities: [political and socials issues ]']
"repjamesclyburn",['hobbies and activities: [political and socials issues ]']
"ryanafournier",['hobbies and activities: [political and socials issues ]']
lonelyplanet,['hobbies and activities: [travel]']
beautifuldestinations,['hobbies and activities: [travel]']
adventure,['hobbies and activities: [travel]']
beachesresorts,['hobbies and activities: [travel]']
"beachlifemindset",['hobbies and activities: [travel]']
green_global_travel,['hobbies and activities: [travel]']
mountainlovers,['hobbies and activities: [travel]']
nature,['hobbies and activities: [travel]']
vietnamtourismboard,['hobbies and activities: [travel]']
"travelandleisure",['hobbies and activities: [travel]']
expedia,['hobbies and activities: [travel]']
cntraveler,['hobbies and activities: [travel]']
roughguides,['hobbies and activities: [travel]']
tripadvisor,['hobbies and activities: [travel]']
awakethesoul,"['hobbies and activities: [travel]', 'Outdoors: [camping]']"
the.adventure.outdoors,['hobbies and activities: [travel]']
reneeroaming,"['hobbies and activities: [travel, travel]']"
angelaliggs,"['hobbies and activities: [travel]', 'Outdoors: [camping, hiking]']"
meghanorourkee,"['hobbies and activities: [travel]', 'Outdoors: [camping]']"
andrea.ference,['hobbies and activities: [travel]']
lacey_spalding,['hobbies and activities: [travel]']
nicolexknox,['hobbies and activities: [travel]']
carswithmiles,"['hobbies and activities: [travel, vehicles, vehicles]']"
"angelaliggs",['hobbies and activities: [travel]']
"weloveourlife",['hobbies and activities: [travel]']
saltinourhair,['hobbies and activities: [travel]']
carlossainz55,"['hobbies and activities: [vehicles, vehicles]', 'sports : [Auto racing]']"
scuderiaferrari,"['hobbies and activities: [vehicles]', 'sports : [Auto racing]']"
jamiechadwick,['hobbies and activities: [vehicles]']
SkySportsF1,['hobbies and activities: [vehicles]']
ferrari,['hobbies and activities: [vehicles]']
peugeot,['hobbies and activities: [vehicles]']
landonorris,"['hobbies and activities: [vehicles, vehicles]', 'sports : [Auto racing]']"
mclaren,"['hobbies and activities: [vehicles]', 'sports : [Auto racing]']"
"shmee150",['hobbies and activities: [vehicles]']
supercarblondie,['hobbies and activities: [vehicles]']
blogcarspassion,['hobbies and activities: [vehicles]']
"thatm4girl",['hobbies and activities: [vehicles]']
cccmanhattan,['hobbies and activities: [vehicles]']
amyshorephotography,['hobbies and activities: [vehicles]']
thespeedhunters,['hobbies and activities: [vehicles]']
"petrolicious",['hobbies and activities: [vehicles]']
capturingthemachine,['hobbies and activities: [vehicles]']
car.exper7,['hobbies and activities: [vehicles]']
her_garage_yt,['hobbies and activities: [vehicles]']
mastercarsreviewlb,['hobbies and activities: [vehicles]']
forrest.auto.reviews.official,['hobbies and activities: [vehicles]']
magnacars,['hobbies and activities: [vehicles]']
zephyr_designz,['hobbies and activities: [vehicles]']
azizdrives,['hobbies and activities: [vehicles]']
omardrives,['hobbies and activities: [vehicles]']
gauravtingre,['hobbies and activities: [vehicles]']
b.choww,['hobbies and activities: [vehicles]']
"sephora","['shopping and fashion: [beauty, shopping]']"
jomalonelondon,['shopping and fashion: [beauty]']
kerastase_official,['shopping and fashion: [beauty]']
laprairie,['shopping and fashion: [beauty]']
narsissist,['shopping and fashion: [beauty]']
sarahillmakeup,['shopping and fashion: [beauty]']
wakeupandmakeup,['shopping and fashion: [beauty]']
gothamista,['shopping and fashion: [beauty]']
trendmood1,['shopping and fashion: [beauty]']
irinashayk,"['shopping and fashion: [beauty, clothing, fashion accessories]']"
hudabeauty,['shopping and fashion: [beauty]']
nyxcosmetics,['shopping and fashion: [beauty]']
patrickstarrr,"['shopping and fashion: [beauty, clothing, fashion accessories]']"
"anastasiabeverlyhills",['shopping and fashion: [beauty]']
"toofaced",['shopping and fashion: [beauty]']
"morphebrushes",['shopping and fashion: [beauty]']
"kyliecosmetics",['shopping and fashion: [beauty]']
"kyliejenner",['shopping and fashion: [beauty]']
"rarebeauty",['shopping and fashion: [beauty]']
"selenagomez",['shopping and fashion: [beauty]']
"beautylish",['shopping and fashion: [beauty]']
chanelofficial,"['shopping and fashion: [beauty, clothing, fashion accessories]']"
grandslam,"['shopping and fashion: [clothing]', 'sports : [tennis ]']"
rogerfederer,"['shopping and fashion: [clothing]', 'sports : [tennis ]']"
nike,"['shopping and fashion: [clothing]', 'sports : [football/soccer, basketball]']"
nordstrom,"['shopping and fashion: [clothing, shopping]']"
zara,"['shopping and fashion: [clothing, shopping]']"
revolve,"['shopping and fashion: [clothing, fashion accessories, shopping]']"
"netaporter","['shopping and fashion: [clothing, fashion accessories, shopping]']"
hm,['shopping and fashion: [clothing]']
"urbanoutfitters",['shopping and fashion: [clothing]']
"forever21","['shopping and fashion: [clothing, shopping]']"
"stylegator","['shopping and fashion: [clothing, fashion accessories]']"
"modeblogg","['shopping and fashion: [clothing, fashion accessories]']"
wardrobeicons,"['shopping and fashion: [clothing, fashion accessories]']"
prada,"['shopping and fashion: [clothing, fashion accessories]']"
"dior","['shopping and fashion: [clothing, fashion accessories]']"
tommyhilfiger,['shopping and fashion: [clothing]']
sheinofficial,"['shopping and fashion: [clothing, shopping]']"
bershka,['shopping and fashion: [clothing]']
alexandermcqueen,"['shopping and fashion: [clothing, fashion accessories]']"
"fendi","['shopping and fashion: [clothing, fashion accessories]']"
"houseofcb","['shopping and fashion: [clothing, shopping]']"
this_esme,"['shopping and fashion: [fashion accessories]', 'Outdoors: [horseback riding]']"
"gucci",['shopping and fashion: [fashion accessories]']
"hautelemode",['shopping and fashion: [fashion accessories]']
"ideservecouture",['shopping and fashion: [fashion accessories]']
itscassiethorpe,['shopping and fashion: [fashion accessories]']
"lyst",['shopping and fashion: [fashion accessories]']
"grazia_me",['shopping and fashion: [fashion accessories]']
"rolex",['shopping and fashion: [fashion accessories]']
versace,['shopping and fashion: [fashion accessories]']
cartier,['shopping and fashion: [fashion accessories]']
burberry,['shopping and fashion: [fashion accessories]']
jacquemus,['shopping and fashion: [fashion accessories]']
"hermes",['shopping and fashion: [fashion accessories]']
"tiffanyandco",['shopping and fashion: [fashion accessories]']
"balenciaga",['shopping and fashion: [fashion accessories]']
"my.jewelry8",['shopping and fashion: [fashion accessories]']
dolcegabbana,['shopping and fashion: [fashion accessories]']
"bulgari",['shopping and fashion: [fashion accessories]']
"haremsjewel",['shopping and fashion: [fashion accessories]']
swarovski,['shopping and fashion: [fashion accessories]']
"oscardelarenta",['shopping and fashion: [fashion accessories]']
"chloe",['shopping and fashion: [fashion accessories]']
"amazon",['shopping and fashion: [shopping]']
shopbop,['shopping and fashion: [shopping]']
targetstyle,['shopping and fashion: [shopping]']
bestbuy,['shopping and fashion: [shopping]']
shop,['shopping and fashion: [shopping]']
shoppingforluxury,['shopping and fashion: [shopping]']
lulus,['shopping and fashion: [shopping]']
tjmaxx,['shopping and fashion: [shopping]']
marshalls,['shopping and fashion: [shopping]']
thekrazycouponlady,['shopping and fashion: [shopping]']
netaporter,['shopping and fashion: [shopping]']
etsy,['shopping and fashion: [shopping]']
ebay,['shopping and fashion: [shopping]']
urbanoutfitters,['shopping and fashion: [shopping]']
anything_accessories,['shopping and fashion: [shopping]']
"walmart",['shopping and fashion: [shopping]']
"asos",['shopping and fashion: [shopping]']
"asos_man",['shopping and fashion: [shopping]']
toygenius,['shopping and fashion: [toys]']
toyslagram,['shopping and fashion: [toys]']
"toytinyblog",['shopping and fashion: [toys]']
toyfiends,['shopping and fashion: [toys]']
thetoyinsider,['shopping and fashion: [toys]']
best_toys_collection_,['shopping and fashion: [toys]']
"toys4kids_india",['shopping and fashion: [toys]']
toy_ideas,['shopping and fashion: [toys]']
funrisetoys,['shopping and fashion: [toys]']
"minitoyland",['shopping and fashion: [toys]']
"toystroller",['shopping and fashion: [toys]']
"henley.alexa",['shopping and fashion: [toys]']
prettypretendplay,['shopping and fashion: [toys]']
"dollswithdasha",['shopping and fashion: [toys]']
"sophiesplayday",['shopping and fashion: [toys]']
kiki.playroom,['shopping and fashion: [toys]']
"tanjastoysreview",['shopping and fashion: [toys]']
"rhia.official",['shopping and fashion: [toys]']
jakkspacific.toys,['shopping and fashion: [toys]']
"mcfarlane_toys_official",['shopping and fashion: [toys]']
"legofranco",['shopping and fashion: [toys]']
"necaofficial",['shopping and fashion: [toys]']
supermoosetoys,['shopping and fashion: [toys]']
winmagictoys,['shopping and fashion: [toys]']
manhattantoy,['shopping and fashion: [toys]']
tenderleaftoys,['shopping and fashion: [toys]']
toytestingsisters,['shopping and fashion: [toys]']
actionfigureinsider,['shopping and fashion: [toys]']
nfl,['sports : [american football]']
nflnetwork,['sports : [american football]']
nflfilms,['sports : [american football]']
brgridiron,['sports : [american football]']
thegamedaynfl,['sports : [american football]']
"clutchpointsnfl",['sports : [american football]']
usa_football,['sports : [american football]']
"theusfl",['sports : [american football]']
dangerusswilson,['sports : [american football]']
"joeyb_9",['sports : [american football]']
saquon,['sports : [american football]']
_4dak,['sports : [american football]']
vonmiller,['sports : [american football]']
"phiferfootball",['sports : [american football]']
realmadrid,"['sports : [football/soccer, football/soccer]']"
fcbayern,['sports : [football/soccer]']
championsleague,['sports : [football/soccer]']
kylewalker2,['sports : [football/soccer]']
premierleague,['sports : [football/soccer]']
liveherewego,['sports : [football/soccer]']
mlb,['sports : [baseball]']
mlbnetwork,['sports : [baseball]']
"baseballhall",['sports : [baseball]']
mlbpipeline,['sports : [baseball]']
yankees,['sports : [baseball]']
mlb__players,['sports : [baseball]']
baseballamerica,['sports : [baseball]']
"claytonkershaw",['sports : [baseball]']
bryceharper3,['sports : [baseball]']
thejudge44,['sports : [baseball]']
cody_bellinger,['sports : [baseball]']
"demarini",['sports : [baseball]']
bigcityforreal,['sports : [baseball]']
"bardo_52",['sports : [baseball]']
fiba,['sports : [basketball]']
bleacherreport,['sports : [basketball]']
kingjames,['sports : [basketball]']
"basketball",['sports : [basketball]']
seanxwalker,['sports : [basketball]']
"europebasketballacademy",['sports : [basketball]']
thekingofunderdogs,['sports : [basketball]']
"amazehoops",['sports : [basketball]']
basketballforever,['sports : [basketball]']
stephencurry30,['sports : [basketball]']
"zo",['sports : [basketball]']
klaythompson,['sports : [basketball]']
ballislife,['sports : [basketball]']
pgatour,['sports : [golf]']
"golfdigest",['sports : [golf]']
golfchannel,['sports : [golf]']
"rickiefowler",['sports : [golf]']
tigerwoods,['sports : [golf]']
pgatourchampions,['sports : [golf]']
golficity,['sports : [golf]']
taniatare63,['sports : [golf]']
golfbombs,['sports : [golf]']
"haileyostrom",['sports : [golf]']
"tishaalyn",['sports : [golf]']
bryanbrosgolf,['sports : [golf]']
dangrievegolf,['sports : [golf]']
nycmarathon,['sports : [marathon]']
bostonmarathon,['sports : [marathon]']
runrocknroll,['sports : [marathon]']
chimarathon,['sports : [marathon]']
lamarathon,['sports : [marathon]']
"berlinmarathon",['sports : [marathon]']
marathontalk,['sports : [marathon]']
wealthandfitness,['sports : [marathon]']
"runmeb",['sports : [marathon]']
jakobing,['sports : [marathon]']
"shalaneflanagan",['sports : [marathon]']
"joshuacheptegei",['sports : [marathon]']
gengen_lacaze,['sports : [marathon]']
the_lucky_woman_,['sports : [marathon]']
hulkhulkenberg,['sports : [Auto racing]']
schecoperez,['sports : [Auto racing]']
yukitsunoda0511,['sports : [Auto racing]']
fernandoalo_oficial,['sports : [Auto racing]']
williamsracing,['sports : [Auto racing]']
warrenmillerent,['sports : [skiing]']
"freeskiermagazine",['sports : [skiing]']
salomonfreeski,['sports : [skiing]']
kellysildaru,['sports : [skiing]']
tetongravity,['sports : [skiing]']
lineskis,['sports : [skiing]']
wzylouisey,['sports : [skiing]']
skybrown,['sports : [skiing]']
rowley.adventures,['sports : [skiing]']
ted_ligety,['sports : [skiing]']
ryanspurvis,['sports : [skiing]']
o_leeps,['sports : [skiing]']
andriragettli,['sports : [skiing]']
usaswimming,['sports : [swimming]']
speedo,['sports : [swimming]']
dandaly,['sports : [swimming]']
swimmermichael,"['sports : [swimming, swimming]']"
swimuphill,['sports : [swimming]']
katieledecky,['sports : [swimming]']
"chadleclos92",['sports : [swimming]']
dannielgoodfellow,['sports : [swimming]']
rolandgarros,['sports : [tennis ]']
djokernole,"['sports : [tennis , tennis ]']"
rafaelnadal,['sports : [tennis ]']
medwed33,['sports : [tennis ]']
serenawilliams,['sports : [tennis ]']
onsjabeur,['sports : [tennis ]']
iga.swiatek,['sports : [tennis ]']
venuswilliams,['sports : [tennis ]']
andymurray,['sports : [tennis ]']
avpbeach,['sports : [volleyball]']
usavolleyball,['sports : [volleyball]']
"volleyballworld",['sports : [volleyball]']
vbmagazine,['sports : [volleyball]']
avcavolleyball,['sports : [volleyball]']
"sarah_pavan",['sports : [volleyball]']
wilfredo_leon_official,['sports : [volleyball]']
seymaercan,['sports : [volleyball]']
englandmvb,['sports : [volleyball]']
jjendryk21,['sports : [volleyball]']
kyleensing,['sports : [volleyball]']
erikshoji,['sports : [volleyball]']
handball.loverr,['sports : [handball]']
nikolakarabatic44,['sports : [handball]']
psghandofficiel,['sports : [handball]']
"thehomeofhandball",['sports : [handball]']
handball_planet_official,['sports : [handball]']
"elizabethomoregie",['sports : [handball]']
cristinaneaguofficial,['sports : [handball]']
sandratoft89,['sports : [handball]']
englandhandball,['sports : [handball]']
scothandball,['sports : [handball]']
carmen_martin4,['sports : [handball]']
angelamalestein,['sports : [handball]']
campinghiking,['Outdoors: [camping]']
nathanaelbillings,['Outdoors: [camping]']
ideascamping,['Outdoors: [camping]']
"outdoorcampinglovers",['Outdoors: [camping]']
mandocamps,['Outdoors: [camping]']
"letscamptogether",['Outdoors: [camping]']
slowcarfasthome,['Outdoors: [camping]']
briskventure,['Outdoors: [camping]']
tentipi,['Outdoors: [camping]']
msr_gear,['Outdoors: [camping]']
"bigagnes_",['Outdoors: [camping]']
nordiskoutdoor,['Outdoors: [camping]']
thesaltstrong,['Outdoors: [fishing]']
_ctrfishing,['Outdoors: [fishing]']
we_lovefishing,['Outdoors: [fishing]']
favoriterodsusa,['Outdoors: [fishing]']
floridasportfishing,['Outdoors: [fishing]']
fishusa,['Outdoors: [fishing]']
ba_fishing_,['Outdoors: [fishing]']
icefishing_nation,['Outdoors: [fishing]']
deadliest_kast_fishing,['Outdoors: [fishing]']
fish__national_,['Outdoors: [fishing]']
jonbrollin,['Outdoors: [fishing]']
horseandhound,['Outdoors: [horseback riding]']
go_riding,['Outdoors: [horseback riding]']
usequestrian,['Outdoors: [horseback riding]']
"westernhorseman",['Outdoors: [horseback riding]']
goeventing,['Outdoors: [horseback riding]']
dreamyponies,['Outdoors: [horseback riding]']
will.rogers.horses,['Outdoors: [horseback riding]']
nrps.prince,['Outdoors: [horseback riding]']
"lacavalierelegante",['Outdoors: [horseback riding]']
matt_harnacke,['Outdoors: [horseback riding]']
_jessedrent,['Outdoors: [horseback riding]']
hedincarl,['Outdoors: [horseback riding]']
reaganibach,['Outdoors: [horseback riding]']
pony_nuts,['Outdoors: [horseback riding]']
elphick.megan,['Outdoors: [horseback riding]']
horseworld_tv,['Outdoors: [horseback riding]']
matildebrandt,['Outdoors: [horseback riding]']
hikingculture,['Outdoors: [hiking]']
"backpackermag",['Outdoors: [hiking]']
"thruhikesyndicate",['Outdoors: [hiking]']
womenwhohike,['Outdoors: [hiking]']
alexhonnold,['Outdoors: [hiking]']
_thru_hiking,['Outdoors: [hiking]']
andeast,['Outdoors: [hiking]']
thewanderingsuitcase,['Outdoors: [hiking]']
hikinggirls,['Outdoors: [hiking]']
"andrea.ference",['Outdoors: [hiking]']
samrculley,['Outdoors: [hiking]']
"joshtheinternofficial",['Outdoors: [hiking]']
hike_britain,['Outdoors: [hiking]']
foodtraveleisure,['Outdoors: [hiking]']
nicholethenomad,['Outdoors: [hiking]']
verge,"['Technology: [computers, consumer electronics]']"
crucial_memory,['Technology: [computers]']
"lg_tech.life",['Technology: [computers]']
"amd",['Technology: [computers]']
"dell",['Technology: [computers]']
"hp",['Technology: [computers]']
"nvidia",['Technology: [computers]']
intel,['Technology: [computers]']
seagate,['Technology: [computers]']
"asusrog",['Technology: [computers]']
lenovo,"['Technology: [computers, consumer electronics]']"
samsungus,"['Technology: [computers, consumer electronics]']"
adata_global,['Technology: [computers]']
"sandisk",['Technology: [computers]']
"hyperx",['Technology: [computers]']
msi,['Technology: [computers]']
chillrogg,"['Technology: [computers, consumer electronics]']"
computernotion,['Technology: [computers]']
pc_tips_tricks_,['Technology: [computers]']
"dpreview",['Technology: [consumer electronics]']
"garmin",['Technology: [consumer electronics]']
samsungmobile,['Technology: [consumer electronics]']
"sonyalpha",['Technology: [consumer electronics]']
bose,['Technology: [consumer electronics]']
panasonicproavusa,['Technology: [consumer electronics]']
"lgusa",['Technology: [consumer electronics]']
mkbhd,['Technology: [consumer electronics]']
iphone_photography_school,['Technology: [consumer electronics]']
beebomco,['Technology: [consumer electronics]']
unboxtherapy,['Technology: [consumer electronics]']
supersaf,['Technology: [consumer electronics]']
