Username,Interests
cristiano,"social media , Business, family, parenting, Physical exercise, clothing, fashion accessories, football/soccer"
kimkardashian,"social media , Business, beauty, clothing, fashion accessories"
doctor.mike,"social media , Health care"
ninja,"social media , Games"
american_heart,"social media , Health care, food and restaurant"
taylorswift,"social media , Business, music, beauty, clothing, fashion accessories"
billieeilish,"social media , music"
badgalriri,"social media , Business, music, family, beauty, fashion accessories"
charles_leclerc,"social media , vehicles, clothing, Auto racing"
connorfranta,"social media , travel"
zendaya,social media 
bellahadid,"social media , beauty, clothing, fashion accessories"
gigihadid,"social media , beauty, clothing, fashion accessories"
zuck,"social media , Business, family"
instagram,"social media , Business, music"
beyonce,"social media , music, beauty, clothing, fashion accessories"
kendalljenner,"social media , Business, beauty, clothing, fashion accessories, shopping"
familyfeud,"social media , tv and series"
davidbeckham,"social media , Business, family, dating and mariage, Physical exercise, beauty, clothing, football/soccer"
victoriabeckham,"social media , music, family, dating and mariage, beauty, clothing, fashion accessories"
rupaulofficial,"social media , music"
jeffreestar,"social media , beauty"
drmarkhyman,"social media , Health care"
myronlrolle,"social media , social media , Health care"
doctorapa,"social media , Health care"
thebentistofficial,"social media , Health care"
drbilldorfman,"social media , Health care"
pewdiepie,"social media , family, parenting, dating and mariage"
kodakmovies,"social media , movies"
matteolane,"social media , live events"
mattrife,"social media , live events"
simeonpanda,"social media , bodybuilding, bodybuilding"
kaigreene,"social media , bodybuilding"
cbum,"social media , bodybuilding, Physical exercise"
philheath,"social media , bodybuilding, Physical exercise"
chloe_t,"social media , Physical exercise, clothing"
rohitkhatrifitness,"social media , bodybuilding, Physical exercise"
coach.bluee,"social media , Physical exercise"
generationiron,"social media , bodybuilding"
_ninosaur,social media 
rorymcilroy,"social media , golf"
justinthomas34,"social media , golf"
georgerussell63,"social media , Physical exercise, travel, Auto racing"
lewishamilton,"social media , vehicles, clothing, Auto racing"
maxverstappen1,"social media , Auto racing"
tomdaley,"social media , clothing, swimming"
mattydiver,"social media , swimming"
carlitosalcarazz,"social media , tennis "
oscarpiastri,"social media , Auto racing"
joeandohirsh,"social media , dating and mariage, clothing"
51,social media 
101,social media 
instanursing,Health care
cdcgov,Health care
webmd,Health care
everydayhealth,"Health care, Health care, food and restaurant"
healthline,Health care
mayoclinic,Health care
health,Health care
menshealthmag,"Health care, bodybuilding"
clevelandclinic,Health care
the.vagina.whisperer,"Health care, parenting"
the_fitness_dietitian,Health care
healthcareprofessionls2152,Health care
alcohol.thinkagain_wa,Health care
21,"Health care, movies, music, current event homes and garden"
entrepreneur,Business
forbes,Business
incmagazine,Business
successmagazine,Business
jeffbezos,Business
startup,Business
myfitness,"Business, Physical exercise"
iamnehanagar,Business
queen.of.wallstreet,Business
colinyurcisin,"Business, Physical exercise"
thestockmarketindia,Business
calltoleap,Business
thehimanichaudhary,Business
technical._.mast,Business
therakeshbansal,Business
pacemorby,Business
samfasterfreedom,Business
upnextpodcast,Business
moneyafrica,Business
traders.paradisee,Business
ajla_talks,Business
29,Business
colorpalette.cinema,movies
studiobinder,movies
filmthusiast,movies
netflix,movies
straw_hat_goofy,movies
thegodfathermovie,movies
starwars,movies
disneystudios,movies
the_goodfilms,movies
universalpictures,movies
20thcenturystudios,movies
marvelstudios,movies
pixar,movies
alfonsocuaron,movies
martinscorsese_,movies
lynncinema,movies
thecinemastories,movies
filmtourismus,movies
taranadarsh,movies
escenasgay,movies
liveinloveeventsintl,live events
coachella,"live events, music"
nba,"live events, basketball"
olympics,live events
fifaworldcup,"live events, football/soccer"
ufc,live events
wimbledon,"live events, tennis "
f1,"live events, vehicles, Auto racing"
livenation,"live events, music"
vmas,"live events, music"
recordingacademy,"live events, music"
lollapalooza,"live events, music"
worldstar,"live events, music"
maxtheverygoodboy,live events
nathantsuji,"live events, Physical exercise, yoga"
17,"live events, reading, yoga, running"
nintendoamerica,"Games, Games, consumer electronics"
xbox,"Games, consumer electronics"
steam_games_official,Games
epicgames,Games
ubisoft,Games
rockstargames,Games
bethesda,Games
activision,Games
riotgames,Games
nadeshot,"Games, family"
shroud,Games
annemunition,Games
drdisrespect,Games
timthetatman,Games
pokerstars,Games
uno,Games
drlupo,Games
nickeh30,Games
fazesway,Games
sypherpk,Games
playstation,"Games, consumer electronics"
23,Games
118,Games
ldawild,"music, art and music"
arianagrande,music
theweeknd,music
the1975,music
arcticmonkeys,music
billboard,music
oliviarodrigo,music
jamesblake,music
goodreads,reading
bookriot,reading
reesesbookclub,reading
bookofthemonth,reading
barnesandnoble,reading
bookbub,reading
bookish_sales_tn,reading
thereadingwomen,reading
crimebythebook,reading
whytmanga,reading
anime4you.75,reading
tonytonyvalente,reading
sinnra,reading
guardian,reading
financialtimes,reading
farofeb,reading
kardashianshulu,"tv and series, family"
strangerthingstv,tv and series
cw_supernatural,tv and series
sense8,tv and series
teenwolf,tv and series
howtogetawaywithmurder,tv and series
thegooddoctorabc,tv and series
rupaulsdragrace,tv and series
latenightseth,tv and series
thedailyshow,tv and series
latelateshow,tv and series
jimmykimmellive,tv and series
fallontonight,tv and series
thegameshowuk,tv and series
25wordsorlesstv,tv and series
beatshazamfox,tv and series
chainreactionca,tv and series
13reasonswhy,tv and series
19,"tv and series, computers, consumer electronics"
hannahshaller,"family, family, dating and mariage, dating and mariage, yoga, yoga"
alvaromorata,"family, dating and mariage, Physical exercise, football/soccer"
leomessi,"family, parenting, football/soccer"
tombrady,"family, american football"
nikovaldes,"family, parenting, dating and mariage"
parenting.passports,"family, parenting, travel"
miketrout,"family, baseball"
mchristenson11,"family, volleyball"
brodyjenner,"family, beauty"
thepioneerwoman,"family, cooking and cuisine"
actionjacquelyn,"family, parenting, yoga"
shalaneflanagan,"family, parenting, running, marathon"
daniellehartruns,"family, parenting, Physical exercise, running"
emilyskyefit,"family, parenting, Physical exercise"
michelle_lewin,"family, parenting"
caelebdressel,"family, swimming"
whoisjob,family
austinadams49,family
carowozniacki,"family, parenting, tennis "
micahmaa,"family, volleyball"
lukakarabatic,"family, handball"
30,"family, pets, political and socials issues "
74,family
adam_peaty,"parenting, swimming, swimming"
true_parenting_story,parenting
u_madson,parenting
healthiest_baby,parenting
mombrain.therapist,parenting
fitmomma4three,parenting
kaysy_andhergirls,parenting
dadlifewithriver,parenting
allieandsam,parenting
elleswift,parenting
22,"parenting, dating and mariage"
mariefeandjakesnow,dating and mariage
travelling.husbands,"dating and mariage, travel"
weloveourlife,"dating and mariage, travel"
bumble,dating and mariage
match,dating and mariage
okcupid,dating and mariage
eharmony,dating and mariage
tinder,dating and mariage
grindr,dating and mariage
couplegoals,dating and mariage
k1ngkyrg1os,"dating and mariage, tennis "
datingcom,dating and mariage
the_fairy_godfather,dating and mariage
explorerssaurus_,dating and mariage
schwarzenegger,bodybuilding
jaycutler,bodybuilding
paigehathaway,bodybuilding
kayla_itsines,bodybuilding
calumvonmoger,bodybuilding
fitgirlsguide,bodybuilding
bodybuildingcom,bodybuilding
ashleykfit,bodybuilding
fithealthyworkouts,bodybuilding
bodybuildingnation,"bodybuilding, bodybuilding"
musclepharm,bodybuilding
leanadeebb,"bodybuilding, cooking and cuisine"
jeff_seid,"bodybuilding, Physical exercise"
sarasaffari__,"bodybuilding, Physical exercise"
stevecook,"bodybuilding, Physical exercise"
24,"bodybuilding, Physical exercise"
jackgrealish,"Physical exercise, football/soccer"
rubendias,"Physical exercise, football/soccer"
laurasykora,"Physical exercise, yoga"
beachyogagirl,"Physical exercise, yoga"
raydiaz,Physical exercise
gymnash96,Physical exercise
taverill13,"Physical exercise, volleyball"
82,Physical exercise
smriti.yoga,yoga
ambikadevidance,yoga
davidrobsonyoga,yoga
adellbridges,yoga
kinoyoga,yoga
hananelazaar_,yoga
carlingnicole,yoga
dylanwerneryoga,yoga
yogawithjul,yoga
ashleygalvinyoga,yoga
acrobuddhas,yoga
runnersworldmag,"running, running, marathon"
nikerunning,running
runkeeper,running
runnerspace,running
trailrunnermag,running
oiselle,running
courtneydauwalter,running
tommy_rivs,running
yellowrunner,running
eilishmccolgan,running
des_linden,running
karagoucher,running
runrx,running
brookewillson,"running, travel"
vinepair,alcoholic beverage
cocktailcourier,"alcoholic beverage, beverages"
wineenthusiast,alcoholic beverage
whiskyadvocate,alcoholic beverage
drinkhacker,alcoholic beverage
drink818,alcoholic beverage
imbibe,alcoholic beverage
bevvyco,"alcoholic beverage, beverages"
liquor,alcoholic beverage
donjuliotequila,alcoholic beverage
spiritsnetwork,alcoholic beverage
mezcalreviews,alcoholic beverage
milkandhops,alcoholic beverage
brokenshaker,alcoholic beverage
craftbeerdotcom,"alcoholic beverage, food and restaurant"
tipsybartender,alcoholic beverage
alcohowl,alcoholic beverage
cocktails,alcoholic beverage
timthetankofficial,"alcoholic beverage, beverages"
bestcocktails,alcoholic beverage
simplycocktail,alcoholic beverage
delightfuldrinks,alcoholic beverage
thealcoholprof,alcoholic beverage
beefeatergin,alcoholic beverage
casamigos,alcoholic beverage
25,"alcoholic beverage, cooking and cuisine"
drinksfeed,beverages
baristascoffeeshops,beverages
drinkripples,beverages
itsmatchamagic,beverages
vitacoco,beverages
cocacola,beverages
fanta,beverages
sprite,beverages
starbucks,beverages
vitaminwater,beverages
lacroixwater,beverages
davidstea,beverages
juicepress,beverages
bluebottle,beverages
thirdwavewichteln,beverages
intelligentsiacoffee,beverages
seattlecoffeegear,beverages
jarritos,beverages
fijiwater,beverages
nespresso,beverages
synergykombucha,beverages
teaformeplease,beverages
ohhowcivilized,beverages
26,beverages
gordongram,"cooking and cuisine, food and restaurant"
luckycatbygordonramsay,cooking and cuisine
carolinagelen,cooking and cuisine
deliciouslyella,"cooking and cuisine, food and restaurant"
dennistheprescott,"cooking and cuisine, food and restaurant"
fitgreenmind,cooking and cuisine
healthygirlkitchen,cooking and cuisine
allthingsmeaty,cooking and cuisine
orchidsnsweettea_,cooking and cuisine
halfbakedharvest,"cooking and cuisine, cooking and cuisine"
feelgoodfoodie,cooking and cuisine
rebelrecipes,cooking and cuisine
foodnetworkkitchen,"cooking and cuisine, food and restaurant"
nytcooking,"cooking and cuisine, food and restaurant"
chefsteps,cooking and cuisine
food52,cooking and cuisine
thekitchn,"cooking and cuisine, food and restaurant"
seriouseats,cooking and cuisine
tastesbetterfromscratch,cooking and cuisine
pinchofyum,cooking and cuisine
bosh.tv,cooking and cuisine
bbcgoodfoodshow,cooking and cuisine
104,cooking and cuisine
jamieoliver,food and restaurant
betterhomesandgardens,"food and restaurant, current event homes and garden"
marthastewart,food and restaurant
buzzfeedtasty,food and restaurant
bonappetitmag,"food and restaurant, food and restaurant"
minimalistbaker,food and restaurant
smittenkitchen,food and restaurant
epicurious,food and restaurant
eater,food and restaurant
foodandwine,food and restaurant
infatuation,food and restaurant
zagat,food and restaurant
allrecipes,food and restaurant
cookinglight,food and restaurant
saveurmag,food and restaurant
eater_la,food and restaurant
infatuation_nyc,food and restaurant
blacktapnyc,food and restaurant
28,"food and restaurant, toys"
hobbycrafthq,art and music
artandmusicco,art and music
worldofdance,art and music
sketch_dailydose,art and music
musicartsfan,art and music
bangcover.art,art and music
art,art and music
the.bluelemonade,art and music
abstrac.ted,art and music
emergeast,art and music
streetphotographyinternational,art and music
nowherediary,art and music
womenstreetphotographers,art and music
thisaintartschool,art and music
magnificomagazine,art and music
friendsinperson,art and music
guitarcenter,art and music
paintings.daily,art and music
sculpturecenter,art and music
singersspotlight,art and music
ronwritings,art and music
dailyart,art and music
painters.paintings,art and music
artsy,art and music
painterspaintingpaintings,art and music
artbyitisha,art and music
danceon,art and music
dancemagazine,art and music
art_dailydose,art and music
patburgener,"art and music, skiing"
31,art and music
thisoldhouse,current event homes and garden
thehappygardeninglife,current event homes and garden
ikeausa,current event homes and garden
gardenersworldmag,current event homes and garden
homesandgardensofficial,current event homes and garden
racheldethame,current event homes and garden
bordehillgarden,current event homes and garden
charlie.harpur,current event homes and garden
tomstuartsmith,current event homes and garden
clarefostergardens,current event homes and garden
acreswildgardendesign,current event homes and garden
camerongardens,current event homes and garden
jothompsongarden,current event homes and garden
houseandgardenuk,current event homes and garden
genevavanderzeil,current event homes and garden
maddyevennett,current event homes and garden
geebungalow,current event homes and garden
jaharnquinn,current event homes and garden
vanillapalmdesigns,current event homes and garden
thediydecorator,current event homes and garden
dogsofinstagram,pets
cats_of_instagram,pets
bestwoof,pets
rabbits.ig,pets
feather_perfection,pets
nickthewrangler,pets
campingwithdogsaustralia,"pets, camping"
lifeonthe_ranch_,pets
thereptilezoo,pets
kams.reptiles,pets
jiffpom,pets
nala_cat,pets
thepetsnet,pets
pets,pets
pets_of_lnsta,pets
itsdougthepug,pets
lizzie.bear,pets
samhaseyebrows,pets
wellnesspetfood,pets
pure_pet_food,pets
nutropetfood,pets
ziwipetsusa,pets
basiltheminilop,pets
thelovedbuns,pets
funny.cute.rabbit,pets
bunny_of_week,pets
_honeysbunnies_,pets
bestbehavedbirds,pets
irn_rio,pets
myrtlebeachsafari,pets
realdonaldtrump,political and socials issues 
barackobama,political and socials issues 
united.left.party,political and socials issues 
the_political_compass,political and socials issues 
political.pen,political and socials issues 
hillaryclinton,political and socials issues 
hon.maximebernier,political and socials issues 
mariateresakumar,"political and socials issues , political and socials issues "
anthonyblogan,"political and socials issues , political and socials issues "
duvaliermalone,political and socials issues 
shermichael_,"political and socials issues , political and socials issues "
cnn,political and socials issues 
france24_en,political and socials issues 
aljazeeraenglish,political and socials issues 
theblazetv,political and socials issues 
blklivesmatter,political and socials issues 
cheerupluv,political and socials issues 
earthrise.studio,political and socials issues 
the_female_lead,political and socials issues 
so.informed,political and socials issues 
nobordersmcr,political and socials issues 
lgbt_history,political and socials issues 
letstalkpalestine,political and socials issues 
whitehouse,political and socials issues 
jessicayellin,political and socials issues 
repjamesclyburn,political and socials issues 
ryanafournier,political and socials issues 
147,political and socials issues 
lonelyplanet,travel
beautifuldestinations,travel
adventure,travel
beachesresorts,travel
beachlifemindset,travel
green_global_travel,travel
mountainlovers,travel
nature,travel
vietnamtourismboard,travel
travelandleisure,travel
expedia,travel
cntraveler,travel
roughguides,travel
tripadvisor,travel
awakethesoul,"travel, camping"
the.adventure.outdoors,travel
reneeroaming,"travel, travel"
angelaliggs,"travel, travel, camping, hiking"
meghanorourkee,"travel, camping"
andrea.ference,"travel, hiking"
lacey_spalding,travel
nicolexknox,travel
carswithmiles,"travel, vehicles, vehicles"
saltinourhair,travel
32,travel
carlossainz55,"vehicles, vehicles, Auto racing"
scuderiaferrari,"vehicles, Auto racing"
jamiechadwick,vehicles
SkySportsF1,vehicles
ferrari,vehicles
peugeot,vehicles
landonorris,"vehicles, vehicles, Auto racing"
mclaren,"vehicles, Auto racing"
shmee150,vehicles
supercarblondie,vehicles
blogcarspassion,vehicles
thatm4girl,vehicles
cccmanhattan,vehicles
amyshorephotography,vehicles
thespeedhunters,vehicles
petrolicious,vehicles
capturingthemachine,vehicles
car.exper7,vehicles
her_garage_yt,vehicles
mastercarsreviewlb,vehicles
forrest.auto.reviews.official,vehicles
magnacars,vehicles
zephyr_designz,vehicles
azizdrives,vehicles
omardrives,vehicles
gauravtingre,vehicles
b.choww,vehicles
34,vehicles
sephora,"beauty, shopping"
jomalonelondon,beauty
kerastase_official,beauty
laprairie,beauty
narsissist,beauty
sarahillmakeup,beauty
wakeupandmakeup,beauty
gothamista,beauty
trendmood1,beauty
irinashayk,"beauty, clothing, fashion accessories"
hudabeauty,beauty
nyxcosmetics,beauty
patrickstarrr,"beauty, clothing, fashion accessories"
anastasiabeverlyhills,beauty
toofaced,beauty
morphebrushes,beauty
kyliecosmetics,beauty
kyliejenner,beauty
rarebeauty,beauty
selenagomez,beauty
beautylish,beauty
chanelofficial,"beauty, clothing, fashion accessories"
33,beauty
grandslam,"clothing, tennis "
rogerfederer,"clothing, tennis "
nike,"clothing, football/soccer, basketball"
nordstrom,"clothing, shopping"
zara,"clothing, shopping"
revolve,"clothing, fashion accessories, shopping"
netaporter,"clothing, fashion accessories, shopping, shopping"
hm,clothing
urbanoutfitters,"clothing, shopping"
forever21,"clothing, shopping"
stylegator,"clothing, fashion accessories"
modeblogg,"clothing, fashion accessories"
wardrobeicons,"clothing, fashion accessories"
prada,"clothing, fashion accessories"
dior,"clothing, fashion accessories"
tommyhilfiger,clothing
sheinofficial,"clothing, shopping"
bershka,clothing
alexandermcqueen,"clothing, fashion accessories"
fendi,"clothing, fashion accessories"
houseofcb,"clothing, shopping"
38,clothing
this_esme,"fashion accessories, horseback riding"
gucci,fashion accessories
hautelemode,fashion accessories
ideservecouture,fashion accessories
itscassiethorpe,fashion accessories
lyst,fashion accessories
grazia_me,fashion accessories
rolex,fashion accessories
versace,fashion accessories
cartier,fashion accessories
burberry,fashion accessories
jacquemus,fashion accessories
hermes,fashion accessories
tiffanyandco,fashion accessories
balenciaga,fashion accessories
my.jewelry8,fashion accessories
dolcegabbana,fashion accessories
bulgari,fashion accessories
haremsjewel,fashion accessories
swarovski,fashion accessories
oscardelarenta,fashion accessories
chloe,fashion accessories
43,fashion accessories
169,fashion accessories
amazon,shopping
shopbop,shopping
targetstyle,shopping
bestbuy,shopping
shop,shopping
shoppingforluxury,shopping
lulus,shopping
tjmaxx,shopping
marshalls,shopping
thekrazycouponlady,shopping
etsy,shopping
ebay,shopping
anything_accessories,shopping
walmart,shopping
asos,shopping
asos_man,shopping
27,shopping
toygenius,toys
toyslagram,toys
toytinyblog,toys
toyfiends,toys
thetoyinsider,toys
best_toys_collection_,toys
toys4kids_india,toys
toy_ideas,toys
funrisetoys,toys
minitoyland,toys
toystroller,toys
henley.alexa,toys
prettypretendplay,toys
dollswithdasha,toys
sophiesplayday,toys
kiki.playroom,toys
tanjastoysreview,toys
rhia.official,toys
jakkspacific.toys,toys
mcfarlane_toys_official,toys
legofranco,toys
necaofficial,toys
supermoosetoys,toys
winmagictoys,toys
manhattantoy,toys
tenderleaftoys,toys
toytestingsisters,toys
actionfigureinsider,toys
nfl,american football
nflnetwork,american football
nflfilms,american football
brgridiron,american football
thegamedaynfl,american football
clutchpointsnfl,american football
usa_football,american football
theusfl,american football
dangerusswilson,american football
joeyb_9,american football
saquon,american football
_4dak,american football
vonmiller,american football
phiferfootball,american football
15,"american football, football/soccer, baseball, basketball, golf, marathon, Auto racing, volleyball"
realmadrid,"football/soccer, football/soccer"
fcbayern,football/soccer
championsleague,football/soccer
kylewalker2,football/soccer
premierleague,football/soccer
liveherewego,football/soccer
mlb,baseball
mlbnetwork,baseball
baseballhall,baseball
mlbpipeline,baseball
yankees,baseball
mlb__players,baseball
baseballamerica,baseball
claytonkershaw,baseball
bryceharper3,baseball
thejudge44,baseball
cody_bellinger,baseball
demarini,baseball
bigcityforreal,baseball
bardo_52,baseball
fiba,basketball
bleacherreport,basketball
kingjames,basketball
basketball,basketball
seanxwalker,basketball
europebasketballacademy,basketball
thekingofunderdogs,basketball
amazehoops,basketball
basketballforever,basketball
stephencurry30,basketball
zo,basketball
klaythompson,basketball
ballislife,basketball
pgatour,golf
golfdigest,golf
golfchannel,golf
rickiefowler,golf
tigerwoods,golf
pgatourchampions,golf
golficity,golf
taniatare63,golf
golfbombs,golf
haileyostrom,golf
tishaalyn,golf
bryanbrosgolf,golf
dangrievegolf,golf
nycmarathon,marathon
bostonmarathon,marathon
runrocknroll,marathon
chimarathon,marathon
lamarathon,marathon
berlinmarathon,marathon
marathontalk,marathon
wealthandfitness,marathon
runmeb,marathon
jakobing,marathon
joshuacheptegei,marathon
gengen_lacaze,marathon
the_lucky_woman_,marathon
hulkhulkenberg,Auto racing
schecoperez,Auto racing
yukitsunoda0511,Auto racing
fernandoalo_oficial,Auto racing
williamsracing,Auto racing
177,Auto racing
warrenmillerent,skiing
freeskiermagazine,skiing
salomonfreeski,skiing
kellysildaru,skiing
tetongravity,skiing
lineskis,skiing
wzylouisey,skiing
skybrown,skiing
rowley.adventures,skiing
ted_ligety,skiing
ryanspurvis,skiing
o_leeps,skiing
andriragettli,skiing
14,"skiing, swimming"
usaswimming,swimming
speedo,swimming
dandaly,swimming
swimmermichael,"swimming, swimming"
swimuphill,swimming
katieledecky,swimming
chadleclos92,swimming
dannielgoodfellow,swimming
rolandgarros,tennis 
djokernole,"tennis , tennis "
rafaelnadal,tennis 
medwed33,tennis 
serenawilliams,tennis 
onsjabeur,tennis 
iga.swiatek,tennis 
venuswilliams,tennis 
andymurray,tennis 
16,"tennis , camping, hiking"
avpbeach,volleyball
usavolleyball,volleyball
volleyballworld,volleyball
vbmagazine,volleyball
avcavolleyball,volleyball
sarah_pavan,volleyball
wilfredo_leon_official,volleyball
seymaercan,volleyball
englandmvb,volleyball
jjendryk21,volleyball
kyleensing,volleyball
erikshoji,volleyball
handball.loverr,handball
nikolakarabatic44,handball
psghandofficiel,handball
thehomeofhandball,handball
handball_planet_official,handball
elizabethomoregie,handball
cristinaneaguofficial,handball
sandratoft89,handball
englandhandball,handball
scothandball,handball
carmen_martin4,handball
angelamalestein,handball
13,handball
campinghiking,camping
nathanaelbillings,camping
ideascamping,camping
outdoorcampinglovers,camping
mandocamps,camping
letscamptogether,camping
slowcarfasthome,camping
briskventure,camping
tentipi,camping
msr_gear,camping
bigagnes_,camping
nordiskoutdoor,camping
thesaltstrong,fishing
_ctrfishing,fishing
we_lovefishing,fishing
favoriterodsusa,fishing
floridasportfishing,fishing
fishusa,fishing
ba_fishing_,fishing
icefishing_nation,fishing
deadliest_kast_fishing,fishing
fish__national_,fishing
jonbrollin,fishing
11,fishing
61,fishing
horseandhound,horseback riding
go_riding,horseback riding
usequestrian,horseback riding
westernhorseman,horseback riding
goeventing,horseback riding
dreamyponies,horseback riding
will.rogers.horses,horseback riding
nrps.prince,horseback riding
lacavalierelegante,horseback riding
matt_harnacke,horseback riding
_jessedrent,horseback riding
hedincarl,horseback riding
reaganibach,horseback riding
pony_nuts,horseback riding
elphick.megan,horseback riding
horseworld_tv,horseback riding
matildebrandt,horseback riding
18,horseback riding
hikingculture,hiking
backpackermag,hiking
thruhikesyndicate,hiking
womenwhohike,hiking
alexhonnold,hiking
_thru_hiking,hiking
andeast,hiking
thewanderingsuitcase,hiking
hikinggirls,hiking
samrculley,hiking
joshtheinternofficial,hiking
hike_britain,hiking
foodtraveleisure,hiking
nicholethenomad,hiking
verge,"computers, consumer electronics"
crucial_memory,computers
lg_tech.life,computers
amd,computers
dell,computers
hp,computers
nvidia,computers
intel,computers
seagate,computers
asusrog,computers
lenovo,"computers, consumer electronics"
samsungus,"computers, consumer electronics"
adata_global,computers
sandisk,computers
hyperx,computers
msi,computers
chillrogg,"computers, consumer electronics"
computernotion,computers
pc_tips_tricks_,computers
dpreview,consumer electronics
garmin,consumer electronics
samsungmobile,consumer electronics
sonyalpha,consumer electronics
bose,consumer electronics
panasonicproavusa,consumer electronics
lgusa,consumer electronics
mkbhd,consumer electronics
iphone_photography_school,consumer electronics
beebomco,consumer electronics
unboxtherapy,consumer electronics
supersaf,consumer electronics
1102.0,Unnamed: 49
